
INSERT INTO tbsexo (id, sexo) VALUES
(1, 'Masculino'),
(2, 'Femenino');

INSERT INTO tbbeca (id, beca) VALUES
(1, 'SI'),
(2, 'NO');

INSERT INTO tbcarreras (id, codigo, carrera) VALUES
(1, 'EM-103', 'Mineros'),
(2, 'CI-235', 'Computacion e Informatica'),
(3, 'AS-665', 'Analisis Sistemas'),
(4, 'MA-385', 'Mecanica Automotriz'),
(5, 'MM-150', 'Mantenimiento de Maquinarias'),
(6, 'CC-412', 'Contrucción Civil'),
(7, 'MP-420', 'Mecanica de Producción'),
(8, 'EI-235', 'Electronica Industrial'),
(9, 'AH-259', 'Administracion Hotelera'),
(10, 'TP-100', 'Topografia'),
(11, 'IA-326', 'Industrias Alimentarias');

INSERT INTO tbpersonas (id, codigo, nombres, apellidos, dni, celular, correo, idsexo, idbeca, idcarrera) VALUES
(1001, 'CI101', 'AFDALI FELICITA', 'SALCEDO ESPINAL', '77695018', 921128905, 'AFDALISALCEDO97@GMAIL.COM', 2, 2, 2),
(1002, 'EM100', 'ALEXANDER MICHEL', 'RAMOS RIVERA', '47793227', 993518761, 'ALEXANDER3RAMOS@GMAIL.COM', 1, 2, 1),
(1003, 'AH101', 'ANA CECILIA', 'CAJA HUACHUÑAHUILLO', '75663256', 987206225, 'ANACAJA23131725@GMAIL.COM', 2, 2, 9),
(1004, 'CI102', 'ANA GABRIELA', 'VIERA GONZALES', '47787201', 902888194, 'GOVIGACVA@GMAIL.COM', 2, 2, 2),
(1005, 'MM101', 'ANGEL ADER', 'OREJON CERVANTES', '48813672', 998849951, 'AOREJONCERVANTES@GMAIL.COM', 1, 2, 5),
(1006, 'IA101', 'ANGELO LUIS', 'TAIPE HUAMAN', '47499071', 924655559, 'ANGELOST21.91@GMAIL.COM', 1, 2, 11),
(1007, 'CC101', 'ANTHONI GIANCARLOS', 'SALOME LUNA', '70854694', 997935037, 'ANTHONIGIANCARLOS@GMAIL.COM', 1, 2, 6),
(1008, 'CI103', 'BENJAMIN JONER', 'ARHUATA CALLOMAMANI', '74743115', 936182758, 'BENJAMIN.ARIES95@GMAIL.COM', 1, 2, 2),
(1009, 'AS100', 'BRENDA FIORELLA', 'CHAVARRY  MIRANDA', '70665551', 910171965, 'BRENDA_JOYITA_10@HOTMAIL.COM', 2, 2, 3),
(1010, 'EI101', 'BRUCE LEE', 'GAVIDIA ROJAS', '71657997', 925597329, 'DALILAGAVIDIAR121893@GMAIL.COM', 1, 1, 8),
(1011, 'IA102', 'CANDY', 'MEZA QUISPE', '70205756', 925969425, 'CAMEQUI22@GMAIL.COM', 2, 2, 11),
(1012, 'CI104', 'CARLOS  ENRIQUE', 'OROZCO RIVERA', '72385026', 972752033, 'CEOR.9595@GMAIL.COM', 1, 2, 2),
(1013, 'MP101', 'CARLOS BRAYAN', 'BACA ACOSTA', '77385281', 910459856, 'WARREN_22_33@HOTMAIL.COM', 1, 1, 7),
(1014, 'CC102', 'CARLOS ROBERTO', 'CURIPACO TAYPE', '71943933', 957165895, 'CURIPACOTAYPEC@GMAIL.COM', 1, 2, 6),
(1015, 'EM101', 'CARLOS ROBERTO', 'ESTELA VASQUEZ', '48683891', 977454137, 'CARESTELA29@GMAIL.COM', 1, 2, 1),
(1016, 'CI105', 'CHRISTIAN ENRIQUE', 'MARTINEZ ROJAS', '75344549', 960320502, 'ELMAXTURRY19@GMAIL.COM', 1, 2, 2),
(1017, 'MP102', 'CHRISTIAN OMAR', 'SERNA PAUCARIMA', '75432928', 916083888, 'XIINIITOSR@GMAIL.COM', 1, 2, 7),
(1018, 'AH102', 'CLAUDIA DEL MILAGRO', 'CHEPE BALLADARES', '73579413', 923596854, 'CLAUDIADELMILAGROCHEPEBALLADAR@GMAIL.COM', 2, 2, 9),
(1019, 'EI102', 'CRISTHIAN', 'LARA PAHUACHO', '73945869', 930747034, 'CRISTHIANLARA1996@GMAIL.COM', 1, 1, 8),
(1020, 'CI106', 'CRISTHIAN FRANCO', 'DAVILA GAMBINI', '76627635', 958136704, 'CRISTHIANDAVILAG14@GMAIL.COM', 1, 2, 2),
(1021, 'IA103', 'DALILA', 'HUAMAN ANGASPILCO', '75821745', 917434903, 'DHUAMANANGASPILCO@GMAIL.COM', 2, 2, 11),
(1022, 'CI107', 'DANNY JANCOV', 'SANCHEZ CASIMIRO', '77488283', 924601241, 'DANNYJANCOV26@GMAIL.COM', 1, 2, 2),
(1023, 'EM102', 'DANTE AMADORI', 'CARHUATANTA MECHAN', '46162115', 977625134, 'CARHUATANTAMECHAN@GMAIL.COM', 1, 2, 1),
(1024, 'MA101', 'DANY WILSON', 'QUISPE HUAMAN', '48203245', 991498273, 'DANYWILSON2017@GMAIL.COM', 1, 2, 4),
(1025, 'CC103', 'DARYL SINOE', 'CRUZ ARANDO', '48188483', 996636565, 'DARSYCRUZ19@GMAIL.COM', 1, 2, 6),
(1026, 'EM103', 'DAVID JHOEL', 'ALANYA ANTONIO', '71808622', 931872466, 'JHOESAYAYIN1@GMAIL.COM', 1, 2, 1),
(1027, 'TP101', 'DIEGO ALEJANDRO', 'MEJIA HUAMANI', '73610516', 928320690, 'DIEGO_ESCORPIO1996@HOTMAIL.COM', 1, 2, 10),
(1028, 'MP103', 'DIEGO ORLANDO', 'MIRANDA QUIROGA', '74928705', 922453193, 'DIEGO_MQ05@HOTMAIL.COM', 1, 2, 7),
(1029, 'MM102', 'EDMUNDO EFRAIN', 'BALTAZAR PAKIAURI', '70342092', 992343040, 'EDMUNDOBALTA@GMAIL.COM', 1, 2, 5),
(1030, 'EI103', 'EDUAR JIROSHI', 'ROMAN NOVOA', '71105662', 910110409, 'JIRO17.1998@GMAIL.COM', 1, 1, 8),
(1031, 'EM104', 'EFRAIN JOSUE', 'NARVASTA TORRES', '60072141', 926095078, 'EFRAIN.NARVASTA@GMAIL.COM', 1, 2, 1),
(1032, 'IA104', 'ELI SANTIAGO', 'MENDOZA VARGAS', '75717886', 970876932, 'ELISANTIAGOMENDOZA900@GMAIL.COM', 1, 2, 11),
(1033, 'EM105', 'ELIANA ARACI', 'CARLOS ASENCIO', '75716402', 984631078, 'ELIANAARACIC@GMAIL.COM', 2, 2, 1),
(1034, 'EI104', 'ELIAS ROMER', 'ESPINOZA FARFAN', '48751552', 942433984, 'ELIASESPINOZAF31@GMAIL.COM', 1, 2, 8),
(1035, 'MP104', 'ELMO', 'IRCAÑAUPA ACHO', '74217119', 910632192, 'EIRCANAUPAACHO@GMAIL.COM', 1, 1, 7),
(1036, 'MM103', 'ELOY', 'ENRIQUEZ LAPA', '71881652', 916424019, 'ELOYENRIQUEZ.2017@GMAIL.COM', 1, 2, 5),
(1037, 'MA102', 'ELVIS GUILLERMO', 'CASIMIRO OSORIO', '74471744', 922512302, 'CASIMIROELVIS315@GMAIL.COM', 1, 2, 4),
(1038, 'EM106', 'EMERSON WILFREDO', 'FRIAS FARRO', '47825701', 953036985, 'FRIASFARROEMERSONWILFREDO@GMAIL.COM', 1, 2, 1),
(1039, 'EI105', 'ERICK ANTHONY', 'GALINDO AHUANARI', '61413278', 981056419, 'TIGRILLO.10GALINDO@GMAIL.COM', 1, 2, 8),
(1040, 'CC104', 'ERMENIS JOSE', 'ALMINCO DURAND', '48813395', 972677199, 'JOSEALMINCO96@GMAIL.COM', 1, 2, 6),
(1041, 'AH103', 'ERWIN JOSUE', 'FLORES FASABI', '75234696', 929772147, 'JOSUEFLORESFASABI@GMAIL.COM', 1, 2, 9),
(1042, 'EI106', 'ESTEFANY MELISSA', 'MOSQUIPA ENRIQUEZ', '76406438', 950345992, 'ESTEFANY.ENRIQUEZ9421@GMAIL.COM', 2, 2, 8),
(1043, 'MM104', 'ESTHER LUZ', 'MUÑOZ CIRINEO', '75680394', 921737423, 'ESTHERCIRINEO10@GMAIL.COM', 2, 2, 5),
(1044, 'IA105', 'ESTHER SAIDA', 'PABLO CEFERINO', '71949784', 996160964, 'SAIDAPABLOLAUNICA1008@GMAIL.COM', 2, 2, 11),
(1045, 'EI107', 'EUCLEDES', 'PEREZ PALMA PAREDEZ', '72096929', 995865457, 'PEREZPAREDES.1993@GMAIL.COM', 1, 2, 8),
(1046, 'EI108', 'EYFFER OLIVER', 'ALMERCO  URBANO', '63300918', 916557874, 'ALMERCO.LIBRA.10@GMAIL.COM', 1, 1, 8),
(1047, 'CI108', 'FABIOLA LISSETT', 'CCANRE TAYA', '77101191', 927134404, 'FABIOLALCT@GMAIL.COM', 2, 2, 2),
(1048, 'IA106', 'FELIX ANTONIO', 'QUISPE QUISPE', '76861522', 982588723, 'QUISPEFELIX002@GMAIL.COM', 1, 2, 11),
(1049, 'CC105', 'FERMIN', 'GALINDO HUACHACA', '47740296', 998077171, 'ZFERMINZ@GMAIL.COM', 1, 2, 6),
(1050, 'EM107', 'FRANCLIN EDINSON', 'ROLDAN SALINAS', '77691763', 920812113, 'FRANCLIN.ROLDAN@GMAIL.COM', 1, 1, 1),
(1051, 'CC106', 'FRED JEANPIER', 'CARDENAS CESPEDES', '81425147', 947696550, 'BRENDA_27_2000@HOTMAIL.COM', 1, 2, 6),
(1052, 'TP102', 'GEAN CARLO', 'BADA CARHUANCHO', '71397249', 928338624, 'GEANBADA28@GMAIL.COM', 1, 2, 10),
(1053, 'AH104', 'GENOVEVA OLGA', 'NAYHUA CCORIMANYA', '73647463', 916042526, 'GENOVEVA96NAYHUA@GMAIL.COM', 2, 2, 9),
(1054, 'AH105', 'GEORGE ANTHONY', 'REYNA REATEGUI', '74200955', 931396306, 'JORSHANTHONY1996@GMAIL.COM', 1, 2, 9),
(1055, 'TP103', 'GEOVANA', 'BARROS QUINCHO', '48366699', 945584555, 'DORELBQ44@GMAIL.COM', 2, 2, 10),
(1056, 'MP105', 'GHINO', 'OVIEDO  PEÑA', '71120966', 941392556, 'FMOL2304@GMAIL.COM', 1, 2, 7),
(1057, 'MA103', 'GIANCARLO', 'ABARCA SANTOS', '60285216', 937199244, 'GIANCARLOABARCA9@GMAIL.COM', 1, 2, 4),
(1058, 'MA104', 'GILBERT ROGER', 'CASTILLO RIVAS', '75945688', 986705706, 'ROYERCASTILLO12031999@GMAIL.COM', 1, 2, 4),
(1059, 'EI109', 'GINO ARMANDO', 'ZAMATA ALVAREZ', '70551260', 959745720, 'GINO_ALVAREZ131@HOTMAIL.COM', 1, 2, 8),
(1060, 'AH106', 'GREYCI ESTEFANY', 'SOTO CAVERO', '78199089', 934638587, 'GREYCISOTOCAVERO@GMAIL.COM', 2, 2, 9),
(1061, 'EI110', 'HELAMAN NEFI', 'ORDOÑEZ PEREZ', '47213821', 922342114, 'NEFFYORD3110@GMAIL.COM', 1, 2, 8),
(1062, 'MM105', 'HERNAN ALEXANDER', 'SERRATO JIMENEZ', '70819285', 929572050, 'ASERRATO087@GMAIL.COM', 1, 2, 5),
(1063, 'CI109', 'HITLER', 'JUSTO ALVAREZ', '73376853', 940809759, 'HITLERJUSTOALVAREZ@GMAIL.COM', 1, 1, 2),
(1064, 'AH107', 'IVAN JEFFERSON', 'DE ASIS NINAQUISPE', '47759544', 931785585, 'IJDAN10@GMAIL.COM', 1, 2, 9),
(1065, 'IA107', 'JAIME OSCAR', 'ARMAS RIOJA', '71773308', 937364872, 'ARMASDELMUNDO1998@GMAIL.COM', 1, 2, 11),
(1066, 'MP106', 'JAMES POOL', 'FREITAS BARDALES', '62852306', 922922381, 'JAMES.FREITAS.B@GMAIL.COM', 1, 1, 7),
(1067, 'TP104', 'JANCARLOS DANIEL', 'URETA ALDERETE', '73431830', 979664498, 'URETA73431830@GMAIL.COM', 1, 2, 10),
(1068, 'MA105', 'JAVIER', 'HUAMAN JULCA', '76336905', 933605346, 'HUAMANJULCAJAVIER594@GMAIL.COM', 1, 2, 4),
(1069, 'AH108', 'JEAN CARLOS', 'MIRAMIRA ARANDA', '45636172', 946866050, 'JEAN_8916@HOTMAIL.COM', 1, 2, 9),
(1070, 'IA108', 'JENNY JOHANA', 'ARAUJO RIVERO', '72802657', 924590053, 'JENNYJOHANA20020@GMAIL.COM', 2, 2, 11),
(1071, 'AH109', 'JENNYFER IVONNE', 'VILLANUEVA LUQUE', '76787488', 960496044, 'IVONNEVILLANUEVA2@GMAIL.COM', 2, 2, 9),
(1072, 'MA106', 'JESUS EMILIANO', 'RODRIGUEZ PAICO', '75834104', 949364275, 'JESUS.EMILIANO.PAICO@HOTMAIL.COM', 1, 2, 4),
(1073, 'EM108', 'JESUS RENE', 'SANCHEZ  CONDORI', '75275868', 983819352, 'JESUSANCHEZZCONDORI@HOTMAIL.COM', 1, 2, 1),
(1074, 'EI111', 'JHASMIN ESTHEFANY', 'QUISPE CIEZA', '70767374', 935384049, 'ESTHEFANY.CIEZA1996@GMAIL.COM', 2, 2, 8),
(1075, 'CC107', 'JHON WILSON', 'RODRIGUEZ HUAMAN', '74152045', 954517172, '26JHONRODRIGUEZ@GMAIL.COM', 1, 2, 6),
(1076, 'EI112', 'JINET MAYARIBE', 'GUTIERREZ DOMINGUEZ', '72040265', 928892275, 'MAYADOMINGUEZ18@GMAIL.COM', 2, 2, 8),
(1077, 'MM106', 'JOEL', 'MARIN BARDALEZ', '72967630', 985497182, 'JOEL02MARIN@GMAIL.COM', 1, 2, 5),
(1078, 'CI110', 'JORGE ENRIQUE', 'HERRERA VILLARREAL', '76547327', 924264308, 'JHERRERAVIL123@GMAIL.COM', 1, 2, 2),
(1079, 'CC108', 'JORGE LUIS', 'BORROMEO HIDALGO', '76743472', 918839770, 'LUISBORROMEO44@GMAIL.COM', 1, 2, 6),
(1080, 'AH110', 'JOSE ALFREDO', 'MURRUGARRA AGUILAR', '75025185', 927499327, 'JAMA.1996@HOTMAIL.COM', 1, 2, 3),
(1081, 'AS101', 'JOSE GABRIEL', 'OROYA QUISPE', '73373767', 925639918, 'JOSHEOROYA@GMAIL.COM', 1, 2, 4),
(1082, 'MA107', 'JOSE LUIS', 'MEZA PALOMINO', '73879122', 989437318, 'EL_DIABLO_078@HOTMAIL.COM', 1, 1, 4),
(1083, 'MA108', 'JOSAFAT ALFREDO', 'RAMOS CABALLERO', '77130092', 944944816, 'JOSAFATALFREDO@GMAIL.COM', 1, 2, 9),
(1084, 'MM107', 'JUAN JOSE', 'SILVA NUÑEZ', '71481132', 932048981, 'IMWHOAMIS@GMAIL.COM', 1, 1, 5),
(1085, 'EM109', 'JUAN RONY', 'VARGAS RODRIGUEZ', '70290416', 943422139, 'JUAN-158069@HOTMAIL.COM', 1, 1, 1),
(1086, 'IA109', 'JUANGER HERNAN', 'SIFUENTES COQUINCHE', '48009359', 902766795, 'WANGERRIVANNA280511@GMAIL.COM', 1, 2, 11),
(1087, 'EI113', 'KENEDY EDGAR', 'MARTINEZ MALLMA', '48265559', 949594551, 'KENTMARTINEZ20@GMAIL.COM', 1, 2, 8),
(1088, 'IA110', 'KEVIN ROBINSON', 'PENADILLO CASTRO', '73851216', 940811256, 'PENADILLO25@GMAIL.COM', 1, 2, 11),
(1089, 'MA109', 'KEWIN JAVIER', 'BOADA DELGADO', '76131376', 912347610, 'BOADADELGADOKEVIN@GMAIL.COM', 1, 2, 4),
(1090, 'CI111', 'LENIN', 'MENDOZA FALCON', '48450669', 995997202, 'MY.21DULCEBOMVON@GMAIL.COM', 1, 2, 2),
(1091, 'AS102', 'LIZ RUTH', 'REYES NUÑEZ', '44914709', 927832417, 'LIZ22_1988@HOTMAIL.COM', 2, 2, 3),
(1092, 'MP107', 'LORENZO', 'CRUZ MIJAHUANCA', '71121938', 993193583, 'LORCRUZMIJA@HOTMAIL.COM', 1, 1, 7),
(1093, 'EM110', 'LUCIANA SOFIA', 'NUÑEZ BENITES', '75922897', 956524891, 'LUNUBE19@GMAIL.COM', 2, 2, 1),
(1094, 'MA110', 'LUIS ADAILTO', 'ROMERO BECERRA', '72122471', 930282836, 'ROMERO30041997@GMAIL.COM', 1, 2, 4),
(1095, 'MA111', 'LUIS ALBERTO', 'BAJONERO GUERRA', '72006173', 931916779, 'LUIS_BAJONERO@HOTMAIL.COM', 1, 2, 4),
(1096, 'EI114', 'LUIS FERNANDO', 'VELASQUEZ DAMIAN', '74640155', 957031926, 'LUISAZUL4410@GMAIL.COM', 1, 2, 8),
(1097, 'EI115', 'LUIS MIGUEL', 'HUANCA MAMANI', '71265437', 999347345, 'LUISTHEGOSTH@GMAIL.COM', 1, 1, 8),
(1098, 'IA111', 'LUZ REINA', 'CHAMBILLA QUISPE', '47752345', 955645373, 'REINACHAMBILLA2017@GMAIL.COM', 2, 2, 11),
(1099, 'MA112', 'MANUEL ANGEL', 'GOMES MACHUCA', '48400274', 967162296, '48400274@PRONABEC.EDU.PE', 1, 2, 4),
(1100, 'EI116', 'MANUEL GUSTAVO', 'CUPE GUILLEN', '75384888', 957846605, 'GUSTAVOMCG97@GMAIL.COM', 1, 1, 8),
(1101, 'TP105', 'MANUEL MICHAEL', 'MELGAREJO POMA', '74291099', 947853067, 'MESSY.123@LIVE.COM', 1, 2, 10),
(1102, 'CI112', 'MARCO ANTONIO', 'BARROS QUINCHO', '48334326', 918760329, 'BARROSMARCO701@GMAIL.COM', 1, 2, 2),
(1103, 'MP108', 'MARCO ELISBAN', 'CCALLO PUMA', '71565350', 965108132, 'MARCOCALLO15@GMAIL.COM', 1, 2, 7),
(1104, 'CI113', 'MARIBEL VANESA', 'CHAMPI CALLA', '78014451', 924302801, 'MARIBEL.TF.11@GMAIL.COM', 2, 2, 2),
(1105, 'MA113', 'MARQUIÑO', 'CORNE LORENZO', '74604708', 989832123, 'MARQUILORENZO222@GMAIL.COM', 1, 1, 4),
(1106, 'TP106', 'MARY ISABEL', 'DIAZ SARAVIA', '75589014', 999541921, 'CANCER_MARY_11@HOTMAIL.COM', 2, 1, 10),
(1107, 'EM111', 'MAURO FERNANDO', 'PILCO LANCHA', '73107241', 986778875, 'PILCOLANCHAMAUROFERNANDO@GMAIL.COM', 1, 1, 1),
(1108, 'AS105', 'MIGUEL ANGEL', 'CABELLO VENTURO', '74054752', 927987678, 'CABELLOVENTUROMIGUELANGEL@GMAIL.COM', 1, 2, 3),
(1109, 'AS104', 'MIGUEL ANGEL', 'GUIZADO MACHARI', '70204093', 957300573, 'MIGUEL2298DELTA@GMAIL.COM', 1, 2, 3),
(1110, 'AS103', 'MIGUEL ANGEL', 'RAMIREZ HUARANCCA', '75734194', 918472478, 'ANGHELRMR@GMAIL.COM', 1, 2, 3),
(1111, 'IA112', 'MIGUEL FERNANDO', 'LAZARO MACHUCA', '75742446', 934830432, 'MIGUELFMLAZARO@GMAIL.COM', 1, 2, 11),
(1112, 'AH111', 'MILAGROS ELIZABETH', 'REYES PEREDA', '76509469', 934587792, 'SOLEDAD_LOKI@HOTMAIL.COM', 2, 2, 9),
(1113, 'AS106', 'MISHELL SILVANA', 'TUFIÑO RIMACHI', '75421624', 901445258, 'MISHELLSILVANA@GMAIL.COM', 2, 2, 3),
(1114, 'MM108', 'NELINTON FRANK', 'PARIONA SALVATIERRA', '74139358', 996298486, 'FPARIONASALVATIERRA@GMAIL.COM', 1, 2, 5),
(1115, 'IA113', 'NICHOLLE VALERY', 'QUINTO LUJAN', '75446602', 974219483, 'NICOL061216@GMAIL.COM', 2, 2, 11),
(1116, 'AH112', 'NICOLT GEORYET', 'HERNANDEZ PEREGRINO', '70358585', 929716114, 'GEORYET295@GMAIL.COM', 2, 2, 9),
(1117, 'IA114', 'NOE ELIAQUIN', 'MINAS TRINIDAD', '71444571', 914343866, 'MINASNOE1998@GMAIL.COM', 1, 2, 11),
(1118, 'IA115', 'NORCA MARGOT', 'UMIÑA QUISPE', '70253808', 927410188, 'MARGOTUMI2@GMAIL.COM', 2, 1, 11),
(1119, 'TP107', 'NOSLI', 'CHINCHAYHUARA MORON', '72088111', 952705676, 'NOSLICHINA@GMAIL.COM', 2, 1, 10),
(1120, 'MA114', 'OSCAR HUGO', 'VEGA TERRONES', '73349067', 936067806, 'HHUGO_1998@HOTMAIL.COM', 1, 1, 4),
(1121, 'MM109', 'PABLO BERNABE', 'ROJAS HUERTO', '76084408', 975977297, 'ROJAS.EDUFFAA.BERNABE@GMAIL.COM', 1, 2, 5),
(1122, 'EI117', 'PAOLA ROXANA', 'CALIXTO YAURI', '74077519', 970272970, 'RCALIXTOYAURI@GMAIL.COM', 2, 2, 8),
(1123, 'CI114', 'PATRICK DAVID', 'CAMPOS ALIAGA', '75704644', 929888654, 'CAMPOS.PATRICK.IESTPFFAA@GMAIL.COM', 1, 1, 2),
(1124, 'CI115', 'PEDRO ANDREE', 'VELASQUEZ NAVARRETE', '72604198', 950458691, 'P.ANDREE.VN@GMAIL.COM', 1, 2, 2),
(1125, 'MM110', 'PEDRO JESUS', 'BAZAN CAMACHO', '46698980', 912580195, 'PEDROBAZANGAMARRA@GMAIL.COM', 1, 2, 5),
(1126, 'MA115', 'PRINCESA CHISAMI', 'GUTIERREZ TIRACCAYA', '72804049', 934801640, 'PRINCESACHISAMI@GMAIL.COM', 2, 1, 4),
(1127, 'TP108', 'REYNALDO ELMER', 'PEÑA  MARTINEZ', '70542985', 928740236, 'MILANREYNALDO7@GMAIL.COM', 1, 2, 10),
(1128, 'EI118', 'RICARDO ABRAHAM', 'PAREDES VIDAL', '74869385', 942369821, 'ABRAHAMPAREDES66@GMAIL.COM', 1, 2, 8),
(1129, 'TP109', 'RICARDO ALFREDO', 'TORRES RIVAS', '73438294', 912886530, 'RICARDO.TR.0893@GMAIL.COM', 1, 2, 10),
(1130, 'MA116', 'RICARDO FELIX', 'CAMACHO JUSCAMAYTA', '75210321', 922562624, 'CAMACHO_FELIX2018@HOTMAIL.COM', 1, 2, 4),
(1131, 'EM112', 'RICARDO YOMAR', 'ORE TITO', '76588895', 902859697, 'ORETITORICARDOYOMAR@HOTMAIL.COM', 1, 2, 1),
(1132, 'EM113', 'RICHARD', 'LIMA GUILLERMO', '75232694', 926588542, 'RICHARDLIMAGUILLERMO@GMAIL.COM', 1, 1, 1),
(1133, 'CI116', 'RISTER', 'FERNANDEZ ZUÑIGA', '71943675', 961274167, 'RISTER95@HOTMAIL.COM', 1, 2, 2),
(1134, 'AH113', 'ROBERT ANTHONY', 'RUIZ RAMIREZ', '71521820', 940782353, 'BLACK12STAR05@GMAIL.COM', 1, 2, 9),
(1135, 'AS107', 'ROBIN ANGEL', 'CASTILLO UTRILLA', '74387308', 923893781, 'CASTILLOROBIN212@GMAIL.COM', 1, 2, 3),
(1136, 'EM114', 'RONALD', 'TAMBINE PRADO', '73618145', 977347754, 'DLANOR_95RTP@HOTMAIL.COM', 1, 2, 1),
(1137, 'MA117', 'RONALD JOSUE CALEF', 'RAMOS ARENAS', '72626528', 924001257, 'RAMOSARENAS22@GMAIL.COM', 1, 1, 4),
(1138, 'AH114', 'ROSA HERMINIA', 'CHAVEZ CIPRIANO', '75976242', 997849673, 'CIPRIANO.04819998@HOTMAIL.COM', 2, 2, 9),
(1139, 'IA116', 'ROSMERY', 'VEGA ZELA', '73026059', 973183480, 'ROSMERYVEGAZELA@GMAIL.COM', 2, 2, 11),
(1140, 'EI119', 'RUBEN', 'SANCHEZ SANCHEZ', '75820506', 931029565, 'RUBSANCHEZSANCHEZ2296@GMAIL.COM', 1, 2, 8),
(1141, 'EI120', 'RUSBELL', 'SOTO CHUCHULLO', '62173622', 988832270, 'RUSBELLSOTO88@GMAIL.COM', 1, 2, 8),
(1142, 'EI121', 'SARA LUZ', 'REYES  MACHA', '76563733', 968387933, 'SARALRM01@HOTMAIL.COM', 1, 1, 10),
(1143, 'TP110', 'SAUL', 'VEGA GOMEZ', '71408930', 936265400, 'SAULLVEGAGOMEZ@GMAIL.COM', 2, 2, 5),
(1144, 'MM111', 'SANTIAGO', 'MAMANI CAMACHO', '74173062', 921330402, 'SANTIG.MACA@GMAIL.COM', 1, 2, 8),
(1145, 'EI122', 'SELVA MIYOKO', 'DIAZ TENAZOA', '46216834', 917419949, 'DIAZ2518MBZ@GMAIL.COM', 2, 2, 8),
(1146, 'AH115', 'SHARON DAYANA', 'ALVAREZ CRUZ', '73206017', 924121155, 'ALVAREZCRUZSHARON@GMAIL.COM', 2, 2, 9),
(1147, 'IA117', 'SOLEDAD BRIGIDA', 'DELGADO LEON', '71948905', 984345871, 'SOLEDAD.BRISAIDA@GMAIL.COM', 2, 1, 11),
(1148, 'EI123', 'SUSAN KIMBERLY', 'FERNANDEZ CUENCA', '47565001', 912975670, 'KIMMYZITHA@GMAIL.COM', 2, 2, 8),
(1149, 'IA118', 'VICTOR ABEL', 'OLLERO PAITAN', '48840379', 995979539, 'VICBELOP04@GMAIL.COM', 1, 2, 11),
(1150, 'CC109', 'VICTOR ELIAS', 'PADILLA PENADILLO', '74089071', 936313070, 'VICTORELIASPADILLA2@GMAIL.COM', 1, 2, 6),
(1151, 'CI117', 'VICTOR EMILIO', 'LLUNCOR REATEGUI', '73685809', 916241097, 'GEMINISLLUNCOR@GMAIL.COM', 1, 2, 2),
(1152, 'CI118', "VICTORIA D'YANIRE", 'PALOMINO ROMERO', '70282976', 921164842, 'DEYANIRE_SMILE_17@HOTMAIL.COM', 2, 1, 2),
(1153, 'MA118', 'WALTER AMILCAR', 'CONTOY FRANCO', '74927630', 980927727, 'WALTER.ACE9866@GMAIL.COM', 1, 2, 4),
(1154, 'CC110', 'WALTER GABRIEL', 'RUIZ VELA', '76406520', 993144777, 'REAL.WALTER.96@GMAIL.COM', 1, 2, 6),
(1155, 'CC111', 'WILLIAM WILBERT', 'JALISTO NOA', '48483338', 910061787, 'JALISTONOAWILLIAMWILBERT@GMAIL.COM', 1, 2, 6),
(1156, 'MM112', 'YAN FIDEL', 'CCAMA APAZA', '77219766', 935616790, 'YHANCCAMAAPAZA@GMAIL.COM', 1, 2, 5),
(1157, 'CI119', 'YELENNY EVELYN', 'GONZALES ROSALES ', '77151412', 988490067, 'YELENNYEVELYN@GMAIL.COM', 2, 2, 2),
(1158, 'CI120', 'YESSICA LEIDY MARILYN', 'ARROYO HUAYCANI', '73146587', 921035420, 'YESSICAAH.9816@GMAIL.COM', 2, 2, 2),
(1159, 'EI124', 'YODMAR ANDRES', 'VICTORIO TELLO', '70888109', 900509007, 'ARTILLEROPROMO2016@GMAIL.COM', 1, 2, 8),
(1160, 'MM113', 'YOHAN EDUARDO', 'CRISPIN TORO', '74429872', 917639476, 'EDUARDOCRISPINTORO@HOTMAIL.COM', 1, 2, 5),
(1161, 'EI125', 'YOSTIN OSCAR', 'SALAZAR TAQUIRI', '71740904', 929884481, 'TIWA_123456@HOTMAIL.COM', 1, 2, 8),
(1162, 'AH116', 'YUDIT SANDY', 'ROJAS CAMIÑA', '70751780', 944251674, ' YUDITHRC96@GMAIL.COM', 2, 2, 9),
(1163, 'MA119', 'YURI', 'OCHOA CONDE', '74662523', 918848133, 'OCHOACONDE12@GMAIL.COM', 1, 2, 4);



INSERT INTO tbpersonas (codigo, nombres, apellidos, dni, celular, correo, idsexo, idbeca, idcarrera) VALUES 
('CC112', 'Marduk Kevin', 'Valderrama Loroña', '77015052', 986656664, 'mardukvalderrama18@outlook.com', 1, 1, 6);